0.0,0.0,0.0,0.0,0.0,106.0,218.0,252.0,85.0,0.0,0.0,0.0,0.0,0.0,0.0,0.0,66.0,195.0,250.0,255.0,113.0,0.0,0.0,0.0,0.0,0.0,0.0,36.0,170.0,206.0,213.0,243.0,144.0,0.0,0.0,0.0,0.0,0.0,15.0,144.0,217.0,130.0,123.0,236.0,175.0,0.0,0.0,0.0,0.0,3.0,119.0,216.0,155.0,41.0,78.0,232.0,206.0,0.0,0.0,0.0,0.0,93.0,204.0,174.0,61.0,3.0,56.0,229.0,233.0,0.0,0.0,0.0,64.0,192.0,193.0,81.0,4.0,0.0,41.0,227.0,255.0,22.0,0.0,0.0,183.0,211.0,95.0,5.0,0.0,0.0,31.0,225.0,253.0,38.0,0.0,0.0,211.0,239.0,222.0,216.0,216.0,216.0,220.0,251.0,255.0,223.0,216.0,119.0,209.0,250.0,249.0,248.0,246.0,244.0,244.0,253.0,255.0,237.0,231.0,121.0,0.0,0.0,0.0,0.0,0.0,0.0,41.0,227.0,255.0,22.0,0.0,0.0,0.0,0.0,0.0,0.0,0.0,0.0,56.0,229.0,233.0,0.0,0.0,0.0,0.0,0.0,0.0,0.0,0.0,0.0,76.0,232.0,206.0,0.0,0.0,0.0,0.0,0.0,0.0,0.0,0.0,0.0,82.0,190.0,135.0,0.0,0.0,0.0,0.0,0.0,0.0,0.0,0.0,0.0,0.0,0.0,0.0,0.0,0.0,0.0,0.0,0.0,0.0,0.0,0.0,0.0,0.0,0.0,0.0,0.0,0.0,0.0,0.0,0.0,0.0,0.0,0.0,0.0,0.0,0.0,0.0,0.0,0.0,0.0,0.0,0.0,0.0,0.0,0.0,0.0,0.0,0.0,0.0,0.0,0.0,0.0
0.0,0.0,0.0,0.0,0.0,52.0,179.0,247.0,52.0,0.0,0.0,0.0,0.0,0.0,0.0,0.0,23.0,125.0,230.0,255.0,69.0,0.0,0.0,0.0,0.0,0.0,0.0,8.0,72.0,185.0,236.0,251.0,90.0,0.0,0.0,0.0,0.0,0.0,1.0,28.0,146.0,210.0,160.0,238.0,116.0,0.0,0.0,0.0,0.0,0.0,3.0,101.0,234.0,147.0,43.0,232.0,149.0,0.0,0.0,0.0,0.0,0.0,68.0,193.0,180.0,48.0,2.0,226.0,191.0,0.0,0.0,0.0,0.0,44.0,161.0,195.0,94.0,14.0,0.0,191.0,245.0,0.0,0.0,0.0,26.0,142.0,211.0,121.0,18.0,0.0,0.0,141.0,249.0,0.0,0.0,0.0,96.0,187.0,243.0,223.0,216.0,216.0,216.0,234.0,254.0,222.0,187.0,0.0,89.0,164.0,213.0,206.0,199.0,190.0,180.0,216.0,252.0,134.0,79.0,0.0,0.0,0.0,0.0,0.0,0.0,0.0,0.0,191.0,245.0,0.0,0.0,0.0,0.0,0.0,0.0,0.0,0.0,0.0,0.0,226.0,191.0,0.0,0.0,0.0,0.0,0.0,0.0,0.0,0.0,0.0,33.0,232.0,149.0,0.0,0.0,0.0,0.0,0.0,0.0,0.0,0.0,0.0,23.0,66.0,28.0,0.0,0.0,0.0,0.0,0.0,0.0,0.0,0.0,0.0,0.0,0.0,0.0,0.0,0.0,0.0,0.0,0.0,0.0,0.0,0.0,0.0,0.0,0.0,0.0,0.0,0.0,0.0,0.0,0.0,0.0,0.0,0.0,0.0,0.0,0.0,0.0,0.0,0.0,0.0,0.0,0.0,0.0,0.0,0.0,0.0,0.0,0.0,0.0,0.0,0.0,0.0
0.0,10.0,102.0,189.0,228.0,224.0,221.0,213.0,164.0,72.0,0.0,0.0,0.0,61.0,221.0,226.0,156.0,119.0,126.0,183.0,225.0,143.0,0.0,0.0,0.0,153.0,238.0,127.0,14.0,0.0,9.0,85.0,211.0,194.0,0.0,0.0,0.0,221.0,195.0,34.0,0.0,0.0,0.0,14.0,213.0,229.0,0.0,0.0,1.0,215.0,135.0,6.0,0.0,0.0,0.0,15.0,244.0,214.0,0.0,0.0,2.0,46.0,20.0,0.0,0.0,1.0,24.0,143.0,231.0,112.0,0.0,0.0,0.0,0.0,0.0,0.0,5.0,62.0,170.0,219.0,130.0,20.0,0.0,0.0,0.0,0.0,0.0,47.0,153.0,219.0,189.0,83.0,15.0,0.0,0.0,0.0,0.0,6.0,152.0,250.0,196.0,74.0,9.0,0.0,0.0,0.0,0.0,0.0,0.0,153.0,209.0,102.0,14.0,0.0,0.0,0.0,0.0,0.0,0.0,0.0,5.0,221.0,109.0,4.0,0.0,0.0,0.0,0.0,0.0,0.0,0.0,0.0,42.0,251.0,216.0,175.0,161.0,147.0,133.0,119.0,107.0,73.0,0.0,0.0,78.0,255.0,253.0,250.0,249.0,248.0,246.0,245.0,244.0,230.0,0.0,0.0,16.0,50.0,54.0,61.0,70.0,81.0,93.0,106.0,119.0,131.0,0.0,0.0,0.0,0.0,0.0,0.0,0.0,0.0,0.0,0.0,0.0,0.0,0.0,0.0,0.0,0.0,0.0,0.0,0.0,0.0,0.0,0.0,0.0,0.0,0.0,0.0,0.0,0.0,0.0,0.0,0.0,0.0,0.0,0.0,0.0,0.0,0.0,0.0,0.0,0.0,0.0,0.0,0.0,0.0,0.0,0.0,0.0,0.0,0.0,0.0
2.0,0.0,0.0,45.0,157.0,231.0,237.0,211.0,202.0,233.0,245.0,203.0,34.0,0.0,21.0,137.0,233.0,171.0,66.0,30.0,26.0,63.0,181.0,236.0,50.0,0.0,69.0,202.0,194.0,72.0,4.0,0.0,0.0,13.0,97.0,243.0,29.0,0.0,81.0,156.0,94.0,20.0,0.0,0.0,0.0,16.0,115.0,240.0,0.0,1.0,27.0,38.0,14.0,2.0,5.0,22.0,46.0,121.0,215.0,206.0,0.0,0.0,0.0,0.0,0.0,0.0,150.0,216.0,233.0,243.0,187.0,75.0,0.0,0.0,0.0,0.0,0.0,0.0,166.0,220.0,247.0,254.0,221.0,114.0,0.0,0.0,0.0,0.0,0.0,1.0,10.0,11.0,25.0,127.0,220.0,207.0,0.0,0.0,0.0,0.0,0.0,0.0,0.0,0.0,0.0,12.0,155.0,243.0,0.0,72.0,190.0,156.0,10.0,0.0,0.0,0.0,0.0,1.0,136.0,241.0,0.0,54.0,199.0,227.0,78.0,4.0,0.0,0.0,1.0,21.0,152.0,231.0,0.0,14.0,102.0,239.0,219.0,84.0,38.0,26.0,33.0,119.0,215.0,198.0,0.0,0.0,5.0,132.0,211.0,237.0,222.0,207.0,222.0,238.0,219.0,125.0,18.0,0.0,0.0,3.0,64.0,137.0,184.0,202.0,191.0,148.0,72.0,4.0,0.0,0.0,0.0,0.0,0.0,0.0,0.0,0.0,0.0,0.0,0.0,0.0,0.0,0.0,0.0,0.0,0.0,0.0,0.0,0.0,0.0,0.0,0.0,0.0,0.0,0.0,0.0,0.0,0.0,0.0,0.0,0.0,0.0,0.0,0.0,0.0,0.0,0.0,0.0,0.0,0.0,0.0,0.0,0.0,0.0,0.0,0.0,0.0
0.0,0.0,34.0,66.0,70.0,64.0,48.0,29.0,9.0,1.0,0.0,0.0,0.0,66.0,144.0,197.0,209.0,210.0,197.0,157.0,80.0,19.0,1.0,0.0,28.0,174.0,230.0,193.0,161.0,150.0,171.0,206.0,207.0,114.0,16.0,0.0,79.0,221.0,205.0,89.0,28.0,20.0,30.0,91.0,193.0,206.0,83.0,0.0,83.0,176.0,131.0,40.0,2.0,0.0,0.0,17.0,108.0,241.0,157.0,0.0,31.0,66.0,48.0,14.0,1.0,5.0,10.0,24.0,93.0,249.0,188.0,3.0,1.0,3.0,3.0,1.0,28.0,74.0,88.0,109.0,186.0,237.0,129.0,18.0,0.0,0.0,0.0,0.0,70.0,203.0,234.0,239.0,246.0,153.0,42.0,6.0,0.0,0.0,0.0,0.0,41.0,133.0,171.0,203.0,238.0,206.0,73.0,10.0,0.0,0.0,0.0,0.0,0.0,0.0,2.0,18.0,133.0,236.0,191.0,58.0,70.0,99.0,49.0,2.0,0.0,0.0,0.0,0.0,12.0,214.0,238.0,75.0,135.0,212.0,122.0,20.0,1.0,0.0,0.0,1.0,11.0,219.0,234.0,58.0,109.0,218.0,183.0,77.0,15.0,7.0,8.0,22.0,90.0,252.0,181.0,25.0,41.0,170.0,223.0,170.0,107.0,84.0,84.0,122.0,204.0,214.0,78.0,1.0,2.0,74.0,157.0,208.0,216.0,208.0,209.0,210.0,179.0,99.0,3.0,0.0,0.0,2.0,47.0,98.0,132.0,144.0,135.0,101.0,46.0,2.0,0.0,0.0,0.0,0.0,0.0,0.0,0.0,0.0,0.0,0.0,0.0,0.0,0.0,0.0,0.0,0.0,0.0,0.0,0.0,0.0,0.0,0.0,0.0,0.0,0.0,0.0
0.0,0.0,0.0,1.0,0.0,0.0,0.0,1.0,0.0,0.0,0.0,0.0,0.0,1.0,26.0,73.0,104.0,109.0,90.0,46.0,8.0,0.0,0.0,0.0,1.0,34.0,116.0,185.0,215.0,223.0,221.0,166.0,65.0,7.0,0.0,0.0,12.0,85.0,210.0,214.0,152.0,132.0,162.0,221.0,184.0,41.0,1.0,0.0,14.0,150.0,246.0,130.0,18.0,0.0,8.0,89.0,218.0,108.0,6.0,0.0,0.0,196.0,244.0,47.0,2.0,0.0,0.0,11.0,128.0,182.0,28.0,0.0,0.0,178.0,242.0,65.0,1.0,0.0,0.0,0.0,56.0,223.0,56.0,0.0,0.0,125.0,232.0,136.0,20.0,0.0,0.0,0.0,37.0,242.0,87.0,0.0,0.0,51.0,173.0,230.0,140.0,41.0,16.0,50.0,154.0,254.0,137.0,0.0,0.0,0.0,66.0,189.0,253.0,255.0,255.0,255.0,196.0,230.0,178.0,0.0,0.0,0.0,1.0,28.0,87.0,134.0,139.0,89.0,36.0,253.0,100.0,0.0,0.0,19.0,47.0,38.0,9.0,0.0,0.0,0.0,121.0,215.0,40.0,0.0,0.0,69.0,175.0,145.0,39.0,2.0,1.0,76.0,230.0,133.0,5.0,0.0,0.0,41.0,198.0,227.0,157.0,130.0,170.0,224.0,180.0,32.0,0.0,0.0,0.0,8.0,95.0,180.0,224.0,230.0,218.0,141.0,39.0,3.0,0.0,0.0,0.0,1.0,16.0,62.0,87.0,83.0,60.0,24.0,3.0,0.0,0.0,0.0,0.0,0.0,0.0,0.0,0.0,0.0,0.0,0.0,0.0,0.0,0.0,0.0,0.0,0.0,0.0,0.0,0.0,0.0,0.0,0.0,0.0,0.0,0.0,0.0
0.0,0.0,0.0,0.0,0.0,0.0,13.0,49.0,42.0,0.0,0.0,0.0,0.0,0.0,0.0,0.0,0.0,9.0,72.0,162.0,99.0,0.0,0.0,0.0,0.0,0.0,0.0,0.0,3.0,51.0,172.0,246.0,102.0,0.0,0.0,0.0,0.0,0.0,0.0,1.0,30.0,141.0,234.0,254.0,65.0,0.0,0.0,0.0,0.0,0.0,0.0,14.0,113.0,193.0,230.0,253.0,23.0,0.0,0.0,0.0,0.0,0.0,5.0,79.0,203.0,107.0,223.0,242.0,0.0,0.0,0.0,0.0,0.0,1.0,47.0,196.0,136.0,28.0,230.0,195.0,0.0,0.0,0.0,0.0,0.0,23.0,172.0,161.0,16.0,67.0,236.0,150.0,0.0,0.0,0.0,0.0,2.0,136.0,172.0,21.0,0.0,107.0,240.0,116.0,0.0,0.0,0.0,0.0,54.0,205.0,46.0,54.0,66.0,161.0,246.0,166.0,113.0,77.0,0.0,0.0,109.0,229.0,215.0,212.0,211.0,230.0,253.0,232.0,214.0,142.0,0.0,0.0,20.0,47.0,56.0,66.0,75.0,127.0,242.0,182.0,80.0,56.0,0.0,0.0,0.0,0.0,0.0,0.0,0.0,21.0,230.0,195.0,0.0,0.0,0.0,0.0,0.0,0.0,0.0,0.0,0.0,0.0,222.0,242.0,0.0,0.0,0.0,0.0,0.0,0.0,0.0,0.0,0.0,0.0,135.0,184.0,18.0,0.0,0.0,0.0,0.0,0.0,0.0,0.0,0.0,0.0,31.0,56.0,16.0,0.0,0.0,0.0,0.0,0.0,0.0,0.0,0.0,0.0,0.0,0.0,0.0,0.0,0.0,0.0,0.0,0.0,0.0,0.0,0.0,0.0,0.0,0.0,0.0,0.0,0.0,0.0
0.0,0.0,0.0,0.0,0.0,0.0,0.0,3.0,46.0,199.0,218.0,0.0,0.0,0.0,0.0,0.0,0.0,0.0,0.0,41.0,169.0,251.0,212.0,0.0,0.0,0.0,0.0,0.0,0.0,0.0,35.0,143.0,242.0,253.0,195.0,0.0,0.0,0.0,0.0,0.0,0.0,23.0,138.0,204.0,202.0,238.0,176.0,0.0,0.0,0.0,0.0,0.0,11.0,131.0,211.0,117.0,135.0,238.0,159.0,0.0,0.0,0.0,0.0,3.0,119.0,221.0,117.0,25.0,136.0,240.0,142.0,0.0,0.0,0.0,12.0,100.0,229.0,133.0,25.0,1.0,151.0,242.0,127.0,0.0,0.0,16.0,93.0,205.0,155.0,18.0,1.0,0.0,164.0,244.0,116.0,0.0,13.0,91.0,196.0,164.0,28.0,0.0,0.0,12.0,178.0,246.0,140.0,62.0,67.0,161.0,242.0,212.0,190.0,203.0,216.0,218.0,244.0,254.0,238.0,228.0,85.0,155.0,232.0,230.0,232.0,236.0,240.0,228.0,245.0,253.0,213.0,176.0,25.0,36.0,50.0,39.0,27.0,15.0,1.0,0.0,164.0,244.0,116.0,0.0,0.0,0.0,0.0,0.0,0.0,0.0,0.0,0.0,151.0,242.0,127.0,0.0,0.0,0.0,0.0,0.0,0.0,0.0,0.0,0.0,133.0,236.0,139.0,0.0,0.0,0.0,0.0,0.0,0.0,0.0,0.0,0.0,86.0,175.0,115.0,0.0,0.0,0.0,0.0,0.0,0.0,0.0,0.0,0.0,0.0,0.0,0.0,0.0,0.0,0.0,0.0,0.0,0.0,0.0,0.0,0.0,0.0,0.0,0.0,0.0,0.0,0.0,0.0,0.0,0.0,0.0,0.0,0.0,0.0,0.0,0.0,0.0
0.0,0.0,0.0,9.0,36.0,45.0,41.0,29.0,15.0,4.0,0.0,0.0,0.0,0.0,17.0,82.0,154.0,198.0,208.0,191.0,137.0,56.0,8.0,0.0,0.0,1.0,90.0,204.0,215.0,193.0,179.0,195.0,217.0,185.0,83.0,4.0,0.0,24.0,175.0,222.0,137.0,54.0,30.0,42.0,111.0,206.0,178.0,44.0,0.0,81.0,207.0,175.0,63.0,5.0,0.0,1.0,20.0,87.0,141.0,67.0,0.0,124.0,226.0,138.0,37.0,29.0,34.0,27.0,17.0,15.0,32.0,24.0,0.0,138.0,232.0,155.0,91.0,150.0,184.0,180.0,140.0,74.0,13.0,1.0,0.0,147.0,240.0,219.0,195.0,207.0,205.0,214.0,224.0,227.0,146.0,34.0,0.0,148.0,250.0,227.0,154.0,70.0,30.0,30.0,84.0,200.0,240.0,130.0,0.0,137.0,241.0,171.0,39.0,0.0,0.0,0.0,0.0,57.0,206.0,212.0,0.0,124.0,226.0,143.0,3.0,0.0,0.0,0.0,0.0,3.0,189.0,237.0,0.0,97.0,205.0,148.0,18.0,1.0,0.0,0.0,1.0,15.0,205.0,226.0,0.0,46.0,173.0,186.0,83.0,17.0,6.0,7.0,23.0,103.0,241.0,164.0,0.0,7.0,121.0,209.0,175.0,100.0,72.0,78.0,126.0,223.0,209.0,52.0,0.0,0.0,45.0,139.0,206.0,218.0,211.0,214.0,215.0,171.0,79.0,0.0,0.0,0.0,0.0,34.0,97.0,144.0,157.0,141.0,95.0,34.0,0.0,0.0,0.0,0.0,0.0,0.0,0.0,0.0,0.0,0.0,0.0,0.0,0.0,0.0,0.0,0.0,0.0,0.0,0.0,0.0,0.0,0.0,0.0,0.0,0.0,0.0
0.0,0.0,0.0,0.0,0.0,1.0,4.0,1.0,0.0,0.0,0.0,0.0,0.0,0.0,0.0,0.0,0.0,39.0,86.0,28.0,0.0,0.0,0.0,0.0,0.0,0.0,0.0,0.0,4.0,89.0,201.0,87.0,0.0,0.0,0.0,0.0,0.0,1.0,7.0,25.0,56.0,141.0,233.0,111.0,0.0,0.0,0.0,0.0,0.0,5.0,66.0,138.0,167.0,232.0,247.0,139.0,0.0,0.0,0.0,0.0,2.0,0.0,68.0,167.0,185.0,195.0,252.0,174.0,0.0,0.0,0.0,0.0,0.0,0.0,11.0,32.0,42.0,47.0,236.0,215.0,0.0,0.0,0.0,0.0,1.0,0.0,0.0,0.0,0.0,0.0,179.0,229.0,0.0,0.0,0.0,0.0,29.0,0.0,0.0,0.0,0.0,0.0,133.0,236.0,50.0,0.0,1.0,0.0,80.0,0.0,0.0,0.0,0.0,0.0,114.0,239.0,78.0,0.0,13.0,0.0,91.0,0.0,0.0,0.0,0.0,0.0,133.0,236.0,50.0,0.0,84.0,0.0,68.0,0.0,0.0,0.0,0.0,0.0,179.0,229.0,0.0,0.0,98.0,0.0,29.0,0.0,0.0,0.0,0.0,0.0,231.0,215.0,0.0,0.0,51.0,0.0,3.0,0.0,0.0,0.0,0.0,3.0,252.0,174.0,0.0,0.0,5.0,0.0,0.0,0.0,0.0,0.0,0.0,47.0,242.0,135.0,0.0,0.0,0.0,0.0,0.0,0.0,0.0,0.0,0.0,29.0,70.0,28.0,0.0,0.0,0.0,0.0,0.0,0.0,0.0,0.0,0.0,0.0,0.0,0.0,0.0,0.0,0.0,0.0,0.0,0.0,0.0,0.0,0.0,0.0,0.0,0.0,0.0,0.0,0.0,0.0
0.0,2.0,17.0,35.0,49.0,56.0,51.0,27.0,2.0,0.0,0.0,0.0,1.0,26.0,84.0,129.0,150.0,158.0,148.0,107.0,44.0,3.0,0.0,0.0,11.0,108.0,181.0,198.0,187.0,184.0,193.0,192.0,109.0,23.0,0.0,0.0,58.0,224.0,188.0,114.0,83.0,82.0,134.0,220.0,168.0,34.0,0.0,0.0,159.0,230.0,76.0,4.0,0.0,4.0,55.0,231.0,199.0,15.0,0.0,0.0,202.0,206.0,23.0,2.0,2.0,10.0,74.0,251.0,154.0,0.0,0.0,0.0,170.0,210.0,76.0,34.0,41.0,93.0,189.0,178.0,55.0,0.0,0.0,0.0,64.0,208.0,186.0,158.0,184.0,221.0,209.0,92.0,6.0,0.0,0.0,0.0,41.0,200.0,208.0,178.0,180.0,212.0,221.0,133.0,34.0,0.0,0.0,0.0,247.0,88.0,2.0,0.0,17.0,79.0,198.0,219.0,82.0,0.0,0.0,0.0,255.0,19.0,0.0,0.0,0.0,9.0,138.0,239.0,109.0,0.0,0.0,0.0,255.0,65.0,5.0,0.0,1.0,27.0,136.0,225.0,110.0,1.0,0.0,0.0,229.0,192.0,89.0,64.0,70.0,109.0,195.0,197.0,68.0,6.0,0.0,0.0,103.0,205.0,209.0,195.0,191.0,197.0,185.0,117.0,15.0,6.0,0.0,0.0,11.0,62.0,132.0,151.0,150.0,132.0,89.0,33.0,3.0,0.0,0.0,0.0,0.0,7.0,23.0,31.0,34.0,31.0,20.0,5.0,0.0,0.0,0.0,0.0,0.0,0.0,0.0,0.0,0.0,0.0,0.0,0.0,0.0,0.0,0.0,0.0,0.0,0.0,0.0,0.0,0.0,0.0,0.0,0.0,0.0,0.0,0.0,0.0
0.0,0.0,4.0,42.0,130.0,189.0,208.0,208.0,200.0,160.0,90.0,3.0,0.0,3.0,69.0,179.0,220.0,199.0,163.0,152.0,180.0,221.0,194.0,64.0,0.0,44.0,171.0,229.0,146.0,55.0,29.0,28.0,68.0,165.0,232.0,137.0,0.0,126.0,232.0,157.0,43.0,3.0,0.0,1.0,15.0,109.0,239.0,169.0,0.0,205.0,248.0,69.0,7.0,0.0,0.0,0.0,8.0,119.0,238.0,155.0,13.0,131.0,116.0,9.0,0.0,0.0,0.0,6.0,63.0,181.0,209.0,95.0,6.0,21.0,12.0,0.0,0.0,0.0,18.0,76.0,175.0,212.0,129.0,28.0,0.0,0.0,0.0,1.0,11.0,45.0,116.0,204.0,198.0,122.0,39.0,1.0,0.0,0.0,4.0,29.0,97.0,198.0,212.0,166.0,84.0,23.0,1.0,0.0,0.0,6.0,60.0,174.0,234.0,185.0,96.0,23.0,3.0,0.0,0.0,0.0,10.0,86.0,202.0,214.0,133.0,23.0,1.0,0.0,0.0,0.0,0.0,0.0,56.0,179.0,218.0,102.0,11.0,8.0,9.0,9.0,8.0,8.0,7.0,3.0,72.0,239.0,222.0,84.0,85.0,92.0,100.0,109.0,118.0,128.0,138.0,83.0,75.0,254.0,250.0,233.0,229.0,228.0,227.0,228.0,229.0,231.0,233.0,149.0,43.0,144.0,157.0,156.0,153.0,148.0,141.0,133.0,124.0,114.0,104.0,67.0,4.0,5.0,2.0,0.0,0.0,0.0,0.0,0.0,0.0,0.0,0.0,0.0,0.0,0.0,0.0,0.0,0.0,0.0,0.0,0.0,0.0,0.0,0.0,0.0,0.0,0.0,0.0,0.0,0.0,0.0,0.0,0.0,0.0,0.0,0.0,0.0
0.0,0.0,0.0,0.0,0.0,0.0,1.0,22.0,28.0,9.0,0.0,0.0,0.0,0.0,0.0,0.0,0.0,0.0,22.0,127.0,195.0,85.0,0.0,0.0,0.0,0.0,0.0,0.0,0.0,14.0,99.0,201.0,250.0,136.0,0.0,0.0,0.0,0.0,0.0,0.0,9.0,75.0,173.0,237.0,253.0,168.0,0.0,0.0,0.0,0.0,0.0,5.0,56.0,157.0,198.0,188.0,238.0,199.0,0.0,0.0,0.0,0.0,1.0,44.0,144.0,203.0,138.0,83.0,229.0,230.0,0.0,0.0,0.0,0.0,34.0,131.0,202.0,152.0,41.0,36.0,226.0,255.0,21.0,0.0,0.0,26.0,119.0,197.0,162.0,54.0,3.0,18.0,222.0,252.0,45.0,0.0,17.0,109.0,196.0,171.0,65.0,2.0,0.0,8.0,211.0,250.0,61.0,0.0,57.0,184.0,227.0,153.0,75.0,64.0,54.0,50.0,215.0,250.0,83.0,18.0,79.0,198.0,244.0,233.0,227.0,225.0,224.0,224.0,250.0,254.0,229.0,221.0,37.0,102.0,137.0,148.0,157.0,166.0,173.0,183.0,246.0,254.0,200.0,186.0,0.0,0.0,0.0,0.0,0.0,0.0,0.0,34.0,226.0,255.0,21.0,0.0,0.0,0.0,0.0,0.0,0.0,0.0,0.0,54.0,229.0,230.0,0.0,0.0,0.0,0.0,0.0,0.0,0.0,0.0,0.0,74.0,224.0,192.0,0.0,0.0,0.0,0.0,0.0,0.0,0.0,0.0,0.0,66.0,151.0,104.0,0.0,0.0,0.0,0.0,0.0,0.0,0.0,0.0,0.0,0.0,0.0,0.0,0.0,0.0,0.0,0.0,0.0,0.0,0.0,0.0,0.0,0.0,0.0,0.0,0.0,0.0
0.0,0.0,0.0,0.0,0.0,0.0,2.0,3.0,2.0,0.0,0.0,0.0,0.0,0.0,0.0,23.0,68.0,98.0,103.0,86.0,45.0,8.0,0.0,0.0,0.0,0.0,30.0,109.0,181.0,215.0,224.0,218.0,158.0,58.0,4.0,0.0,0.0,10.0,79.0,206.0,217.0,160.0,140.0,171.0,226.0,173.0,25.0,0.0,0.0,11.0,142.0,245.0,134.0,19.0,0.0,12.0,110.0,227.0,75.0,0.0,0.0,0.0,191.0,245.0,42.0,0.0,0.0,0.0,19.0,166.0,157.0,0.0,0.0,0.0,173.0,242.0,59.0,0.0,0.0,0.0,1.0,111.0,210.0,0.0,0.0,0.0,121.0,232.0,131.0,16.0,0.0,0.0,1.0,91.0,233.0,0.0,0.0,0.0,49.0,172.0,229.0,133.0,36.0,17.0,56.0,172.0,249.0,0.0,9.0,2.0,0.0,62.0,190.0,255.0,255.0,254.0,252.0,172.0,237.0,0.0,129.0,32.0,0.0,0.0,26.0,85.0,128.0,127.0,71.0,42.0,220.0,0.0,96.0,20.0,19.0,50.0,40.0,9.0,0.0,0.0,3.0,164.0,159.0,0.0,0.0,0.0,67.0,178.0,149.0,34.0,2.0,6.0,112.0,228.0,73.0,0.0,0.0,0.0,38.0,198.0,231.0,166.0,144.0,188.0,229.0,141.0,15.0,0.0,0.0,0.0,8.0,90.0,177.0,223.0,231.0,208.0,118.0,25.0,1.0,0.0,0.0,0.0,1.0,16.0,57.0,77.0,71.0,49.0,18.0,2.0,0.0,0.0,0.0,0.0,0.0,0.0,0.0,0.0,0.0,0.0,0.0,0.0,0.0,0.0,0.0,0.0,0.0,0.0,0.0,0.0,0.0,0.0,0.0,0.0,0.0,0.0
0.0,0.0,0.0,0.0,0.0,8.0,38.0,39.0,0.0,0.0,0.0,0.0,0.0,0.0,0.0,0.0,1.0,41.0,131.0,91.0,0.0,0.0,0.0,0.0,0.0,0.0,1.0,5.0,19.0,112.0,214.0,97.0,0.0,0.0,0.0,0.0,0.0,1.0,13.0,41.0,92.0,198.0,232.0,65.0,0.0,0.0,0.0,0.0,0.0,7.0,65.0,137.0,197.0,245.0,230.0,29.0,0.0,0.0,0.0,0.0,0.0,21.0,133.0,179.0,163.0,245.0,224.0,0.0,0.0,0.0,0.0,0.0,0.0,7.0,39.0,44.0,37.0,252.0,183.0,0.0,0.0,0.0,0.0,0.0,0.0,0.0,0.0,0.0,45.0,246.0,140.0,0.0,0.0,0.0,0.0,0.0,0.0,0.0,0.0,0.0,97.0,240.0,106.0,0.0,0.0,0.0,0.0,0.0,0.0,0.0,0.0,0.0,121.0,238.0,92.0,0.0,0.0,0.0,0.0,0.0,0.0,0.0,0.0,0.0,97.0,240.0,106.0,0.0,0.0,0.0,0.0,0.0,0.0,0.0,0.0,0.0,45.0,246.0,140.0,0.0,0.0,1.0,0.0,0.0,0.0,0.0,0.0,0.0,0.0,252.0,183.0,0.0,0.0,5.0,0.0,0.0,0.0,0.0,0.0,0.0,0.0,229.0,224.0,0.0,0.0,5.0,0.0,0.0,0.0,0.0,0.0,0.0,0.0,130.0,159.0,20.0,0.0,0.0,0.0,0.0,0.0,0.0,0.0,0.0,0.0,26.0,44.0,13.0,0.0,0.0,0.0,0.0,0.0,0.0,0.0,0.0,0.0,0.0,0.0,0.0,0.0,0.0,0.0,0.0,0.0,0.0,0.0,0.0,0.0,0.0,0.0,0.0,0.0,0.0,0.0,0.0
0.0,0.0,2.0,31.0,110.0,178.0,207.0,207.0,186.0,133.0,60.0,2.0,0.0,2.0,58.0,161.0,225.0,229.0,196.0,186.0,208.0,225.0,180.0,45.0,0.0,37.0,157.0,229.0,160.0,67.0,36.0,36.0,84.0,185.0,228.0,124.0,0.0,113.0,226.0,168.0,51.0,4.0,0.0,2.0,19.0,115.0,239.0,164.0,0.0,196.0,250.0,78.0,9.0,0.0,0.0,0.0,6.0,115.0,238.0,159.0,14.0,149.0,138.0,12.0,1.0,0.0,0.0,3.0,44.0,167.0,217.0,107.0,11.0,37.0,24.0,0.0,0.0,0.0,8.0,47.0,155.0,216.0,146.0,39.0,1.0,2.0,1.0,0.0,1.0,13.0,85.0,194.0,215.0,149.0,53.0,2.0,0.0,0.0,0.0,11.0,66.0,188.0,229.0,202.0,109.0,30.0,2.0,0.0,0.0,3.0,48.0,159.0,249.0,224.0,123.0,29.0,4.0,0.0,0.0,0.0,8.0,74.0,187.0,226.0,162.0,28.0,1.0,0.0,0.0,0.0,0.0,0.0,49.0,163.0,216.0,115.0,5.0,2.0,4.0,4.0,5.0,5.0,5.0,2.0,66.0,228.0,221.0,68.0,50.0,56.0,62.0,70.0,79.0,88.0,98.0,60.0,69.0,252.0,251.0,228.0,237.0,235.0,233.0,232.0,232.0,232.0,233.0,149.0,46.0,161.0,175.0,179.0,185.0,184.0,179.0,173.0,165.0,156.0,146.0,97.0,9.0,27.0,25.0,16.0,4.0,0.0,0.0,0.0,0.0,0.0,0.0,0.0,0.0,0.0,0.0,0.0,0.0,0.0,0.0,0.0,0.0,0.0,0.0,0.0,0.0,0.0,0.0,0.0,0.0,0.0,0.0,0.0,0.0,0.0,0.0,0.0
0.0,0.0,26.0,51.0,55.0,47.0,31.0,13.0,2.0,0.0,0.0,0.0,0.0,56.0,129.0,185.0,206.0,211.0,188.0,115.0,36.0,3.0,0.0,0.0,34.0,168.0,224.0,196.0,165.0,168.0,199.0,218.0,156.0,50.0,0.0,0.0,111.0,228.0,182.0,76.0,27.0,23.0,48.0,135.0,214.0,145.0,11.0,0.0,168.0,239.0,107.0,18.0,1.0,0.0,3.0,34.0,135.0,217.0,74.0,0.0,180.0,241.0,92.0,2.0,0.0,0.0,0.0,3.0,54.0,240.0,163.0,3.0,157.0,238.0,121.0,14.0,0.0,0.0,0.0,2.0,29.0,246.0,212.0,30.0,98.0,212.0,186.0,81.0,17.0,4.0,7.0,22.0,94.0,238.0,238.0,59.0,29.0,144.0,225.0,195.0,115.0,74.0,77.0,128.0,218.0,249.0,247.0,79.0,0.0,51.0,138.0,204.0,231.0,242.0,241.0,229.0,154.0,225.0,227.0,77.0,0.0,1.0,25.0,72.0,120.0,146.0,136.0,79.0,23.0,219.0,208.0,62.0,35.0,66.0,47.0,13.0,0.0,0.0,0.0,8.0,78.0,238.0,167.0,37.0,65.0,166.0,151.0,62.0,10.0,6.0,12.0,54.0,185.0,242.0,80.0,9.0,31.0,164.0,217.0,152.0,86.0,72.0,97.0,168.0,232.0,150.0,4.0,0.0,1.0,76.0,165.0,213.0,214.0,214.0,222.0,204.0,134.0,27.0,0.0,0.0,0.0,4.0,54.0,113.0,151.0,158.0,130.0,68.0,13.0,0.0,0.0,0.0,0.0,0.0,0.0,0.0,0.0,0.0,0.0,0.0,0.0,0.0,0.0,0.0,0.0,0.0,0.0,0.0,0.0,0.0,0.0,0.0,0.0,0.0,0.0,0.0
0.0,0.0,0.0,0.0,2.0,4.0,6.0,5.0,1.0,0.0,0.0,0.0,0.0,0.0,9.0,52.0,98.0,112.0,102.0,70.0,23.0,2.0,0.0,0.0,0.0,12.0,71.0,160.0,211.0,225.0,222.0,190.0,107.0,20.0,1.0,0.0,0.0,34.0,160.0,231.0,176.0,140.0,146.0,202.0,216.0,78.0,4.0,0.0,4.0,54.0,233.0,195.0,52.0,1.0,3.0,60.0,182.0,129.0,15.0,0.0,0.0,113.0,242.0,118.0,6.0,1.0,2.0,7.0,49.0,70.0,12.0,0.0,0.0,143.0,237.0,88.0,46.0,73.0,75.0,52.0,20.0,2.0,0.0,0.0,0.0,138.0,233.0,169.0,158.0,209.0,224.0,202.0,144.0,42.0,1.0,0.0,0.0,133.0,248.0,241.0,186.0,115.0,89.0,123.0,215.0,204.0,28.0,0.0,0.0,123.0,247.0,183.0,50.0,0.0,0.0,0.0,45.0,228.0,157.0,0.0,0.0,116.0,229.0,133.0,2.0,0.0,0.0,0.0,4.0,245.0,129.0,0.0,0.0,108.0,215.0,118.0,11.0,0.0,0.0,1.0,49.0,233.0,70.0,0.0,0.0,61.0,206.0,167.0,54.0,7.0,5.0,43.0,198.0,173.0,23.0,0.0,0.0,9.0,166.0,234.0,174.0,140.0,156.0,210.0,204.0,68.0,2.0,0.0,0.0,5.0,64.0,162.0,217.0,228.0,214.0,161.0,63.0,7.0,0.0,0.0,0.0,0.0,9.0,48.0,81.0,80.0,61.0,32.0,6.0,0.0,0.0,0.0,0.0,0.0,0.0,0.0,0.0,0.0,0.0,0.0,0.0,0.0,0.0,0.0,0.0,0.0,0.0,0.0,0.0,0.0,0.0,0.0,0.0,0.0,0.0,0.0
0.0,0.0,4.0,26.0,51.0,69.0,78.0,69.0,35.0,3.0,0.0,0.0,0.0,4.0,41.0,106.0,152.0,171.0,180.0,171.0,130.0,57.0,0.0,0.0,0.0,27.0,134.0,189.0,186.0,169.0,167.0,190.0,209.0,127.0,0.0,0.0,0.0,93.0,222.0,159.0,83.0,57.0,54.0,113.0,220.0,183.0,0.0,0.0,0.0,180.0,201.0,51.0,2.0,0.0,2.0,45.0,236.0,205.0,0.0,0.0,0.0,213.0,163.0,22.0,3.0,3.0,17.0,102.0,247.0,140.0,0.0,0.0,0.0,184.0,184.0,80.0,48.0,67.0,128.0,205.0,154.0,37.0,0.0,0.0,0.0,104.0,221.0,193.0,188.0,212.0,237.0,206.0,86.0,3.0,0.0,0.0,5.0,119.0,216.0,175.0,148.0,152.0,200.0,228.0,152.0,46.0,0.0,0.0,80.0,193.0,44.0,1.0,0.0,12.0,60.0,187.0,230.0,97.0,0.0,0.0,194.0,136.0,2.0,0.0,0.0,0.0,7.0,139.0,240.0,118.0,0.0,0.0,153.0,199.0,46.0,1.0,0.0,3.0,36.0,148.0,223.0,110.0,0.0,0.0,64.0,219.0,173.0,98.0,80.0,88.0,131.0,206.0,189.0,60.0,0.0,0.0,5.0,112.0,192.0,201.0,196.0,197.0,200.0,174.0,100.0,6.0,0.0,0.0,0.0,16.0,66.0,118.0,131.0,128.0,112.0,72.0,19.0,1.0,0.0,0.0,0.0,1.0,8.0,21.0,27.0,29.0,24.0,13.0,3.0,0.0,0.0,0.0,0.0,0.0,0.0,0.0,0.0,0.0,0.0,0.0,0.0,0.0,0.0,0.0,0.0,0.0,0.0,0.0,0.0,0.0,0.0,0.0,0.0,0.0,0.0,0.0
0.0,0.0,0.0,5.0,41.0,121.0,191.0,210.0,214.0,208.0,168.0,62.0,3.0,0.0,1.0,46.0,150.0,210.0,172.0,132.0,130.0,176.0,238.0,171.0,29.0,0.0,16.0,132.0,221.0,152.0,51.0,19.0,25.0,86.0,202.0,218.0,39.0,0.0,69.0,206.0,181.0,62.0,4.0,0.0,2.0,39.0,145.0,230.0,15.0,0.0,140.0,239.0,104.0,17.0,0.0,0.0,0.0,15.0,117.0,235.0,0.0,11.0,198.0,251.0,38.0,2.0,0.0,0.0,0.0,3.0,113.0,237.0,0.0,44.0,228.0,224.0,1.0,0.0,0.0,0.0,0.0,0.0,118.0,238.0,0.0,77.0,242.0,192.0,0.0,0.0,0.0,0.0,0.0,0.0,131.0,239.0,0.0,91.0,235.0,186.0,1.0,0.0,0.0,0.0,0.0,3.0,147.0,233.0,0.0,85.0,221.0,193.0,16.0,0.0,0.0,0.0,0.0,24.0,164.0,220.0,0.0,61.0,188.0,214.0,70.0,1.0,0.0,0.0,1.0,71.0,191.0,187.0,0.0,20.0,111.0,232.0,165.0,33.0,11.0,9.0,33.0,146.0,223.0,143.0,0.0,1.0,30.0,179.0,236.0,150.0,110.0,111.0,152.0,212.0,186.0,78.0,0.0,0.0,1.0,51.0,152.0,199.0,201.0,201.0,201.0,162.0,83.0,17.0,0.0,0.0,0.0,0.0,29.0,78.0,104.0,104.0,85.0,50.0,15.0,0.0,0.0,0.0,0.0,0.0,0.0,0.0,0.0,0.0,0.0,0.0,0.0,0.0,0.0,0.0,0.0,0.0,0.0,0.0,0.0,0.0,0.0,0.0,0.0,0.0,0.0,0.0,0.0,0.0,0.0,0.0,0.0,0.0,0.0,0.0,0.0,0.0
0.0,100.0,109.0,96.0,83.0,70.0,58.0,48.0,38.0,15.0,2.0,0.0,2.0,207.0,244.0,237.0,233.0,228.0,223.0,217.0,209.0,112.0,20.0,0.0,17.0,219.0,227.0,167.0,160.0,172.0,183.0,193.0,203.0,135.0,29.0,0.0,44.0,216.0,190.0,61.0,17.0,23.0,29.0,37.0,46.0,40.0,11.0,0.0,71.0,214.0,168.0,49.0,0.0,0.0,0.0,0.0,0.0,0.0,0.0,0.0,96.0,216.0,163.0,83.0,65.0,65.0,52.0,33.0,13.0,0.0,0.0,0.0,118.0,223.0,206.0,183.0,203.0,216.0,209.0,170.0,101.0,24.0,2.0,0.0,140.0,234.0,232.0,191.0,163.0,164.0,187.0,213.0,233.0,168.0,37.0,3.0,76.0,130.0,118.0,61.0,13.0,7.0,18.0,73.0,196.0,242.0,136.0,32.0,8.0,13.0,7.0,0.0,0.0,0.0,0.0,1.0,57.0,221.0,212.0,68.0,3.0,4.0,2.0,0.0,0.0,0.0,0.0,0.0,4.0,211.0,237.0,75.0,116.0,120.0,49.0,2.0,0.0,0.0,0.0,3.0,21.0,224.0,217.0,52.0,181.0,229.0,132.0,37.0,9.0,7.0,12.0,36.0,119.0,249.0,147.0,19.0,102.0,210.0,206.0,141.0,96.0,85.0,97.0,145.0,217.0,186.0,39.0,1.0,21.0,107.0,176.0,204.0,206.0,206.0,211.0,203.0,150.0,61.0,0.0,0.0,0.0,13.0,60.0,98.0,128.0,136.0,121.0,76.0,23.0,0.0,0.0,0.0,0.0,0.0,0.0,0.0,0.0,0.0,0.0,0.0,0.0,0.0,0.0,0.0,0.0,0.0,0.0,0.0,0.0,0.0,0.0,0.0,0.0,0.0,0.0,0.0
0.0,0.0,1.0,1.0,0.0,0.0,0.0,1.0,0.0,0.0,0.0,0.0,0.0,2.0,29.0,78.0,105.0,109.0,95.0,66.0,21.0,2.0,0.0,0.0,1.0,35.0,119.0,190.0,221.0,223.0,221.0,194.0,114.0,24.0,1.0,0.0,9.0,75.0,213.0,222.0,160.0,135.0,145.0,201.0,235.0,101.0,7.0,0.0,9.0,106.0,247.0,170.0,26.0,0.0,1.0,51.0,194.0,192.0,28.0,0.0,0.0,89.0,181.0,99.0,5.0,0.0,0.0,6.0,114.0,226.0,45.0,0.0,0.0,23.0,49.0,32.0,6.0,3.0,11.0,21.0,113.0,224.0,55.0,0.0,0.0,0.0,0.0,0.0,0.0,74.0,130.0,141.0,216.0,178.0,33.0,0.0,0.0,0.0,0.0,0.0,0.0,88.0,213.0,247.0,253.0,153.0,6.0,0.0,0.0,0.0,0.0,0.0,0.0,0.0,0.0,10.0,119.0,243.0,130.0,0.0,0.0,19.0,39.0,24.0,1.0,0.0,0.0,0.0,8.0,245.0,136.0,0.0,0.0,118.0,204.0,108.0,13.0,0.0,0.0,0.0,18.0,240.0,83.0,0.0,0.0,124.0,229.0,165.0,47.0,4.0,0.0,14.0,167.0,202.0,39.0,0.0,0.0,58.0,206.0,232.0,167.0,137.0,145.0,200.0,228.0,102.0,4.0,0.0,0.0,11.0,101.0,178.0,222.0,230.0,224.0,186.0,91.0,13.0,0.0,0.0,0.0,1.0,15.0,60.0,84.0,83.0,67.0,41.0,11.0,0.0,0.0,0.0,0.0,0.0,0.0,0.0,0.0,0.0,0.0,0.0,0.0,0.0,0.0,0.0,0.0,0.0,0.0,0.0,0.0,0.0,0.0,0.0,0.0,0.0,0.0,0.0
0.0,0.0,1.0,7.0,20.0,30.0,35.0,28.0,11.0,0.0,0.0,0.0,0.0,0.0,10.0,52.0,106.0,131.0,134.0,110.0,58.0,13.0,0.0,0.0,0.0,5.0,59.0,155.0,202.0,203.0,199.0,194.0,139.0,45.0,0.0,0.0,0.0,26.0,168.0,221.0,149.0,111.0,129.0,207.0,210.0,79.0,0.0,0.0,0.0,81.0,236.0,131.0,17.0,0.0,26.0,153.0,244.0,117.0,0.0,0.0,0.0,156.0,195.0,43.0,0.0,0.0,0.0,89.0,247.0,151.0,0.0,0.0,0.0,203.0,136.0,8.0,0.0,0.0,5.0,77.0,239.0,150.0,0.0,0.0,0.0,227.0,71.0,0.0,0.0,0.0,1.0,101.0,237.0,137.0,0.0,0.0,0.0,238.0,8.0,0.0,0.0,0.0,0.0,129.0,239.0,119.0,0.0,0.0,0.0,241.0,1.0,0.0,0.0,0.0,2.0,150.0,232.0,101.0,0.0,0.0,0.0,225.0,45.0,0.0,0.0,0.0,21.0,156.0,215.0,91.0,0.0,0.0,0.0,163.0,161.0,8.0,0.0,3.0,52.0,174.0,191.0,66.0,0.0,0.0,0.0,79.0,228.0,106.0,35.0,41.0,104.0,213.0,165.0,24.0,0.0,0.0,0.0,23.0,157.0,218.0,176.0,163.0,192.0,204.0,99.0,2.0,0.0,0.0,0.0,2.0,38.0,130.0,182.0,183.0,165.0,105.0,30.0,2.0,0.0,0.0,0.0,0.0,3.0,22.0,44.0,53.0,49.0,26.0,5.0,0.0,0.0,0.0,0.0,0.0,0.0,0.0,0.0,0.0,0.0,0.0,0.0,0.0,0.0,0.0,0.0,0.0,0.0,0.0,0.0,0.0,0.0,0.0,0.0,0.0,0.0,0.0
0.0,0.0,0.0,0.0,0.0,0.0,0.0,1.0,38.0,195.0,217.0,0.0,0.0,0.0,0.0,0.0,0.0,0.0,0.0,39.0,163.0,251.0,212.0,0.0,3.0,0.0,0.0,0.0,0.0,0.0,33.0,140.0,245.0,254.0,195.0,0.0,10.0,0.0,0.0,0.0,0.0,22.0,132.0,204.0,208.0,239.0,176.0,0.0,8.0,0.0,0.0,0.0,10.0,124.0,207.0,119.0,136.0,238.0,159.0,0.0,0.0,0.0,0.0,3.0,112.0,217.0,124.0,28.0,136.0,240.0,142.0,0.0,0.0,0.0,11.0,94.0,224.0,140.0,30.0,2.0,151.0,242.0,127.0,0.0,0.0,15.0,88.0,200.0,161.0,24.0,2.0,0.0,164.0,244.0,116.0,0.0,12.0,87.0,191.0,168.0,35.0,1.0,0.0,0.0,173.0,245.0,132.0,48.0,44.0,158.0,240.0,207.0,177.0,189.0,202.0,214.0,243.0,254.0,237.0,225.0,48.0,157.0,233.0,230.0,231.0,235.0,238.0,242.0,250.0,254.0,223.0,193.0,12.0,43.0,62.0,52.0,41.0,29.0,16.0,3.0,164.0,244.0,116.0,0.0,0.0,0.0,0.0,0.0,0.0,0.0,0.0,0.0,151.0,242.0,127.0,0.0,0.0,0.0,0.0,0.0,0.0,0.0,0.0,0.0,134.0,238.0,140.0,0.0,0.0,0.0,0.0,0.0,0.0,0.0,0.0,0.0,93.0,190.0,125.0,0.0,0.0,0.0,0.0,0.0,0.0,0.0,0.0,0.0,0.0,0.0,0.0,0.0,0.0,0.0,0.0,0.0,0.0,0.0,0.0,0.0,0.0,0.0,0.0,0.0,0.0,0.0,0.0,0.0,0.0,0.0,0.0,0.0,0.0,0.0,0.0,0.0
0.0,0.0,0.0,0.0,0.0,15.0,169.0,223.0,75.0,0.0,0.0,0.0,0.0,0.0,5.0,33.0,77.0,159.0,228.0,235.0,100.0,0.0,0.0,0.0,0.0,0.0,84.0,200.0,236.0,243.0,252.0,240.0,126.0,0.0,0.0,0.0,0.0,0.0,30.0,77.0,100.0,104.0,173.0,243.0,154.0,0.0,0.0,0.0,0.0,0.0,2.0,5.0,9.0,10.0,95.0,247.0,181.0,0.0,0.0,0.0,0.0,0.0,0.0,0.0,0.0,0.0,64.0,250.0,205.0,0.0,0.0,0.0,0.0,0.0,0.0,0.0,0.0,0.0,46.0,252.0,224.0,19.0,0.0,0.0,0.0,0.0,0.0,0.0,0.0,0.0,35.0,254.0,226.0,33.0,0.0,29.0,0.0,0.0,0.0,0.0,0.0,0.0,31.0,254.0,226.0,38.0,0.0,76.0,0.0,0.0,0.0,0.0,0.0,0.0,35.0,254.0,226.0,33.0,0.0,70.0,0.0,0.0,0.0,0.0,0.0,0.0,46.0,252.0,224.0,19.0,0.0,0.0,0.0,0.0,0.0,0.0,0.0,0.0,64.0,250.0,205.0,0.0,0.0,0.0,0.0,0.0,0.0,0.0,0.0,0.0,87.0,247.0,181.0,0.0,0.0,0.0,0.0,0.0,0.0,0.0,0.0,0.0,94.0,196.0,119.0,0.0,0.0,0.0,0.0,0.0,0.0,0.0,0.0,0.0,0.0,0.0,0.0,0.0,0.0,0.0,0.0,0.0,0.0,0.0,0.0,0.0,0.0,0.0,0.0,0.0,0.0,0.0,0.0,0.0,0.0,0.0,0.0,0.0,0.0,0.0,0.0,0.0,0.0,0.0,0.0,0.0,0.0,0.0,0.0,0.0,0.0,0.0,0.0,0.0,0.0,0.0
0.0,0.0,0.0,0.0,52.0,175.0,246.0,67.0,0.0,0.0,0.0,0.0,0.0,0.0,0.0,24.0,123.0,228.0,255.0,89.0,0.0,0.0,0.0,0.0,0.0,0.0,8.0,71.0,184.0,233.0,249.0,115.0,0.0,0.0,0.0,0.0,0.0,2.0,28.0,149.0,215.0,146.0,235.0,148.0,0.0,0.0,0.0,0.0,0.0,3.0,108.0,231.0,146.0,23.0,229.0,187.0,0.0,0.0,0.0,0.0,0.0,75.0,197.0,175.0,53.0,4.0,212.0,236.0,0.0,0.0,0.0,0.0,50.0,170.0,193.0,91.0,14.0,0.0,163.0,250.0,0.0,0.0,0.0,0.0,155.0,210.0,113.0,16.0,0.0,0.0,119.0,244.0,53.0,0.0,0.0,0.0,196.0,241.0,222.0,216.0,216.0,216.0,232.0,253.0,230.0,216.0,55.0,0.0,175.0,218.0,213.0,206.0,199.0,190.0,215.0,251.0,174.0,129.0,20.0,0.0,0.0,0.0,0.0,0.0,0.0,0.0,163.0,250.0,0.0,0.0,0.0,0.0,0.0,0.0,0.0,0.0,0.0,0.0,212.0,236.0,0.0,0.0,0.0,0.0,0.0,0.0,0.0,0.0,0.0,13.0,229.0,187.0,0.0,0.0,0.0,0.0,0.0,0.0,0.0,0.0,0.0,20.0,75.0,41.0,0.0,0.0,0.0,0.0,0.0,0.0,0.0,0.0,0.0,0.0,0.0,0.0,0.0,0.0,0.0,0.0,0.0,0.0,0.0,0.0,0.0,0.0,0.0,0.0,0.0,0.0,0.0,0.0,0.0,0.0,0.0,0.0,0.0,0.0,0.0,0.0,0.0,0.0,0.0,0.0,0.0,0.0,0.0,0.0,0.0,0.0,0.0,0.0,0.0,0.0,0.0,0.0
0.0,47.0,150.0,214.0,224.0,221.0,199.0,127.0,34.0,0.0,0.0,0.0,8.0,154.0,239.0,175.0,133.0,149.0,211.0,211.0,87.0,6.0,0.0,0.0,48.0,244.0,180.0,33.0,0.0,25.0,143.0,233.0,124.0,21.0,0.0,0.0,127.0,234.0,84.0,0.0,0.0,0.0,84.0,228.0,159.0,18.0,0.0,0.0,179.0,212.0,28.0,0.0,0.0,0.0,37.0,255.0,180.0,0.0,0.0,0.0,206.0,185.0,3.0,0.0,0.0,0.0,41.0,242.0,165.0,0.0,0.0,0.0,235.0,150.0,0.0,0.0,0.0,0.0,83.0,237.0,144.0,0.0,0.0,0.0,243.0,105.0,0.0,0.0,0.0,0.0,126.0,238.0,111.0,0.0,0.0,0.0,207.0,55.0,0.0,0.0,0.0,4.0,153.0,226.0,87.0,0.0,0.0,0.0,130.0,167.0,4.0,0.0,0.0,35.0,167.0,203.0,76.0,0.0,0.0,0.0,30.0,233.0,87.0,1.0,5.0,72.0,205.0,175.0,39.0,0.0,0.0,0.0,2.0,158.0,229.0,156.0,132.0,181.0,237.0,132.0,4.0,0.0,0.0,0.0,0.0,34.0,147.0,221.0,229.0,213.0,144.0,40.0,0.0,0.0,0.0,0.0,0.0,2.0,24.0,52.0,67.0,67.0,37.0,5.0,0.0,0.0,0.0,0.0,0.0,0.0,0.0,0.0,0.0,0.0,0.0,0.0,0.0,0.0,0.0,0.0,0.0,0.0,0.0,0.0,0.0,0.0,0.0,0.0,0.0,0.0,0.0,0.0,0.0,0.0,0.0,0.0,0.0,0.0,0.0,0.0,0.0,0.0,0.0,0.0,0.0,0.0,0.0,0.0,0.0,0.0,0.0,0.0,0.0,0.0,0.0,0.0
103.0,239.0,238.0,238.0,237.0,236.0,235.0,235.0,239.0,253.0,211.0,0.0,51.0,82.0,73.0,64.0,56.0,48.0,41.0,58.0,147.0,220.0,90.0,0.0,0.0,0.0,0.0,0.0,0.0,0.0,7.0,103.0,205.0,131.0,7.0,0.0,0.0,0.0,0.0,0.0,0.0,0.0,84.0,195.0,145.0,26.0,0.0,0.0,0.0,0.0,0.0,0.0,0.0,44.0,190.0,169.0,56.0,1.0,0.0,0.0,0.0,0.0,0.0,0.0,2.0,167.0,223.0,74.0,7.0,0.0,0.0,0.0,0.0,0.0,0.0,13.0,93.0,249.0,123.0,20.0,0.0,0.0,0.0,0.0,0.0,0.0,1.0,53.0,215.0,216.0,17.0,1.0,0.0,0.0,0.0,0.0,0.0,0.0,26.0,123.0,234.0,121.0,3.0,0.0,0.0,0.0,0.0,0.0,0.0,1.0,61.0,200.0,218.0,31.0,1.0,0.0,0.0,0.0,0.0,0.0,0.0,13.0,91.0,242.0,171.0,0.0,0.0,0.0,0.0,0.0,0.0,0.0,0.0,21.0,134.0,247.0,119.0,10.0,0.0,0.0,0.0,0.0,0.0,0.0,0.0,4.0,186.0,250.0,81.0,11.0,0.0,0.0,0.0,0.0,0.0,0.0,0.0,1.0,128.0,174.0,55.0,3.0,0.0,0.0,0.0,0.0,0.0,0.0,0.0,0.0,0.0,0.0,0.0,0.0,0.0,0.0,0.0,0.0,0.0,0.0,0.0,0.0,0.0,0.0,0.0,0.0,0.0,0.0,0.0,0.0,0.0,0.0,0.0,0.0,0.0,0.0,0.0,0.0,0.0,0.0,0.0,0.0,0.0,0.0,0.0,0.0,0.0,0.0,0.0,0.0,0.0,0.0,0.0,0.0,0.0,0.0
0.0,11.0,181.0,240.0,241.0,212.0,205.0,228.0,232.0,189.0,69.0,4.0,0.0,119.0,233.0,190.0,72.0,29.0,29.0,47.0,131.0,217.0,175.0,53.0,0.0,166.0,243.0,98.0,14.0,1.0,0.0,1.0,27.0,137.0,230.0,123.0,0.0,157.0,240.0,118.0,18.0,0.0,0.0,0.0,12.0,94.0,244.0,169.0,0.0,73.0,201.0,224.0,131.0,42.0,13.0,25.0,80.0,183.0,246.0,132.0,0.0,3.0,59.0,176.0,245.0,233.0,223.0,219.0,223.0,242.0,149.0,43.0,0.0,31.0,130.0,223.0,254.0,245.0,232.0,249.0,255.0,254.0,168.0,38.0,33.0,165.0,238.0,175.0,67.0,13.0,12.0,19.0,82.0,205.0,241.0,151.0,119.0,222.0,165.0,46.0,0.0,0.0,0.0,0.0,0.0,39.0,201.0,231.0,146.0,238.0,132.0,10.0,0.0,0.0,0.0,0.0,0.0,3.0,184.0,241.0,115.0,221.0,159.0,46.0,3.0,0.0,0.0,0.0,3.0,48.0,222.0,204.0,52.0,189.0,240.0,162.0,63.0,26.0,26.0,37.0,78.0,205.0,237.0,108.0,0.0,76.0,190.0,241.0,237.0,219.0,206.0,218.0,234.0,207.0,127.0,3.0,0.0,0.0,24.0,101.0,162.0,192.0,198.0,177.0,127.0,56.0,2.0,0.0,0.0,0.0,0.0,0.0,0.0,0.0,0.0,0.0,0.0,0.0,0.0,0.0,0.0,0.0,0.0,0.0,0.0,0.0,0.0,0.0,0.0,0.0,0.0,0.0,0.0,0.0,0.0,0.0,0.0,0.0,0.0,0.0,0.0,0.0,0.0,0.0,0.0,0.0,0.0,0.0,0.0,0.0,0.0,0.0,0.0,0.0,0.0,0.0
0.0,0.0,0.0,0.0,7.0,125.0,212.0,59.0,0.0,0.0,0.0,0.0,0.0,2.0,13.0,36.0,81.0,179.0,232.0,78.0,0.0,0.0,0.0,0.0,0.0,20.0,91.0,154.0,190.0,240.0,241.0,101.0,0.0,0.0,0.0,0.0,0.0,9.0,87.0,174.0,182.0,206.0,245.0,130.0,0.0,0.0,0.0,0.0,3.0,0.0,16.0,41.0,46.0,62.0,250.0,165.0,0.0,0.0,0.0,0.0,6.0,0.0,0.0,0.0,0.0,0.0,241.0,207.0,0.0,0.0,0.0,0.0,1.0,0.0,0.0,0.0,0.0,0.0,185.0,229.0,0.0,0.0,0.0,0.0,41.0,0.0,0.0,0.0,0.0,0.0,136.0,235.0,47.0,0.0,0.0,0.0,92.0,0.0,0.0,0.0,0.0,0.0,114.0,239.0,78.0,0.0,0.0,0.0,94.0,0.0,0.0,0.0,0.0,0.0,136.0,235.0,47.0,0.0,0.0,0.0,56.0,0.0,0.0,0.0,0.0,0.0,185.0,229.0,0.0,0.0,0.0,0.0,15.0,0.0,0.0,0.0,0.0,0.0,241.0,207.0,0.0,0.0,0.0,0.0,0.0,0.0,0.0,0.0,0.0,15.0,250.0,165.0,0.0,0.0,0.0,0.0,0.0,0.0,0.0,0.0,0.0,22.0,78.0,36.0,0.0,0.0,0.0,0.0,0.0,0.0,0.0,0.0,0.0,0.0,0.0,0.0,0.0,0.0,0.0,0.0,0.0,0.0,0.0,0.0,0.0,0.0,0.0,0.0,0.0,0.0,0.0,0.0,0.0,0.0,0.0,0.0,0.0,0.0,0.0,0.0,0.0,0.0,0.0,0.0,0.0,0.0,0.0,0.0,0.0,0.0,0.0,0.0,0.0,0.0,0.0,0.0
0.0,72.0,169.0,221.0,221.0,218.0,215.0,179.0,91.0,8.0,0.0,0.0,19.0,192.0,234.0,167.0,126.0,121.0,168.0,225.0,161.0,42.0,0.0,0.0,74.0,249.0,161.0,22.0,0.0,2.0,64.0,201.0,201.0,52.0,0.0,0.0,116.0,213.0,76.0,0.0,0.0,0.0,22.0,214.0,211.0,26.0,0.0,0.0,71.0,98.0,22.0,1.0,7.0,19.0,94.0,255.0,152.0,0.0,0.0,0.0,0.0,0.0,0.0,45.0,100.0,140.0,217.0,160.0,39.0,0.0,0.0,0.0,0.0,0.0,0.0,193.0,244.0,254.0,220.0,104.0,8.0,0.0,0.0,0.0,0.0,0.0,0.0,76.0,86.0,139.0,218.0,181.0,62.0,0.0,0.0,0.0,0.0,0.0,0.0,0.0,0.0,9.0,156.0,241.0,98.0,0.0,0.0,0.0,193.0,123.0,2.0,0.0,0.0,3.0,128.0,238.0,112.0,0.0,0.0,0.0,133.0,224.0,65.0,1.0,1.0,32.0,149.0,223.0,107.0,0.0,0.0,0.0,24.0,217.0,225.0,166.0,137.0,160.0,221.0,196.0,56.0,0.0,0.0,0.0,1.0,58.0,171.0,226.0,230.0,215.0,172.0,90.0,3.0,0.0,0.0,0.0,0.0,5.0,31.0,53.0,67.0,68.0,51.0,11.0,0.0,0.0,0.0,0.0,0.0,0.0,0.0,0.0,0.0,0.0,0.0,0.0,0.0,0.0,0.0,0.0,0.0,0.0,0.0,0.0,0.0,0.0,0.0,0.0,0.0,0.0,0.0,0.0,0.0,0.0,0.0,0.0,0.0,0.0,0.0,0.0,0.0,0.0,0.0,0.0,0.0,0.0,0.0,0.0,0.0,0.0,0.0,0.0,0.0,0.0,0.0,0.0
0.0,0.0,0.0,0.0,6.0,84.0,221.0,166.0,0.0,0.0,0.0,0.0,0.0,2.0,18.0,52.0,119.0,208.0,240.0,145.0,0.0,0.0,0.0,0.0,0.0,52.0,150.0,202.0,232.0,251.0,239.0,122.0,0.0,0.0,0.0,0.0,0.0,58.0,128.0,133.0,126.0,213.0,236.0,98.0,0.0,0.0,0.0,0.0,1.0,14.0,26.0,23.0,20.0,209.0,232.0,76.0,0.0,0.0,0.0,0.0,0.0,0.0,0.0,0.0,0.0,233.0,229.0,56.0,0.0,0.0,0.0,0.0,0.0,0.0,0.0,0.0,22.0,255.0,227.0,41.0,0.0,0.0,0.0,0.0,0.0,0.0,0.0,0.0,38.0,253.0,225.0,31.0,0.0,0.0,0.0,0.0,0.0,0.0,0.0,0.0,44.0,253.0,225.0,27.0,0.0,0.0,0.0,0.0,0.0,0.0,0.0,0.0,38.0,253.0,225.0,31.0,0.0,0.0,0.0,0.0,0.0,0.0,0.0,0.0,22.0,255.0,227.0,41.0,0.0,0.0,0.0,0.0,0.0,0.0,0.0,0.0,0.0,233.0,229.0,56.0,0.0,0.0,0.0,0.0,0.0,0.0,0.0,0.0,0.0,206.0,232.0,76.0,0.0,0.0,0.0,0.0,0.0,0.0,0.0,0.0,0.0,135.0,190.0,82.0,0.0,0.0,0.0,0.0,0.0,0.0,0.0,0.0,0.0,0.0,0.0,0.0,0.0,0.0,0.0,0.0,0.0,0.0,0.0,0.0,0.0,0.0,0.0,0.0,0.0,0.0,0.0,0.0,0.0,0.0,0.0,0.0,0.0,0.0,0.0,0.0,0.0,0.0,0.0,0.0,0.0,0.0,0.0,0.0,0.0,0.0,0.0,0.0,0.0,0.0,0.0,0.0
0.0,0.0,29.0,57.0,63.0,55.0,38.0,16.0,3.0,0.0,0.0,5.0,0.0,61.0,135.0,188.0,206.0,211.0,190.0,120.0,40.0,4.0,0.0,94.0,37.0,171.0,224.0,190.0,158.0,160.0,192.0,216.0,158.0,53.0,1.0,94.0,114.0,229.0,178.0,73.0,25.0,21.0,46.0,131.0,212.0,146.0,13.0,22.0,170.0,239.0,105.0,17.0,1.0,0.0,2.0,33.0,133.0,217.0,76.0,0.0,180.0,241.0,92.0,2.0,0.0,0.0,0.0,3.0,53.0,240.0,164.0,3.0,156.0,238.0,122.0,15.0,0.0,0.0,0.0,2.0,31.0,246.0,213.0,30.0,96.0,211.0,189.0,85.0,20.0,5.0,8.0,26.0,99.0,239.0,239.0,59.0,28.0,141.0,224.0,198.0,122.0,83.0,85.0,133.0,216.0,248.0,247.0,78.0,0.0,48.0,132.0,199.0,228.0,240.0,238.0,223.0,148.0,225.0,226.0,76.0,0.0,1.0,23.0,68.0,113.0,138.0,129.0,75.0,24.0,219.0,207.0,61.0,37.0,71.0,51.0,14.0,0.0,0.0,0.0,9.0,82.0,238.0,165.0,36.0,64.0,167.0,155.0,66.0,11.0,7.0,14.0,58.0,187.0,239.0,78.0,9.0,30.0,161.0,217.0,157.0,93.0,79.0,104.0,171.0,229.0,145.0,4.0,0.0,1.0,72.0,160.0,210.0,213.0,214.0,219.0,199.0,129.0,26.0,0.0,0.0,0.0,3.0,50.0,107.0,143.0,149.0,124.0,65.0,12.0,0.0,0.0,0.0,0.0,0.0,0.0,0.0,0.0,0.0,0.0,0.0,0.0,0.0,0.0,0.0,0.0,0.0,0.0,0.0,0.0,0.0,0.0,0.0,0.0,0.0,0.0,0.0
5.0,3.0,1.0,0.0,0.0,1.0,2.0,4.0,7.0,1.0,0.0,0.0,167.0,156.0,145.0,135.0,125.0,117.0,111.0,106.0,104.0,16.0,0.0,0.0,236.0,239.0,242.0,244.0,245.0,245.0,246.0,252.0,251.0,52.0,0.0,0.0,92.0,105.0,117.0,130.0,141.0,152.0,171.0,223.0,223.0,55.0,0.0,0.0,0.0,0.0,0.0,0.0,0.0,1.0,38.0,162.0,157.0,28.0,0.0,0.0,0.0,0.0,0.0,0.0,0.0,1.0,78.0,213.0,94.0,0.0,0.0,0.0,0.0,0.0,0.0,0.0,0.0,24.0,179.0,195.0,17.0,0.0,0.0,0.0,0.0,0.0,0.0,0.0,1.0,91.0,209.0,99.0,0.0,0.0,0.0,0.0,0.0,0.0,0.0,0.0,33.0,151.0,185.0,55.0,1.0,0.0,0.0,0.0,0.0,0.0,0.0,2.0,93.0,224.0,126.0,1.0,0.0,0.0,0.0,0.0,0.0,0.0,0.0,45.0,170.0,185.0,49.0,0.0,0.0,0.0,0.0,0.0,0.0,0.0,5.0,123.0,222.0,97.0,5.0,0.0,0.0,0.0,0.0,0.0,0.0,0.0,41.0,204.0,184.0,29.0,0.0,0.0,0.0,0.0,0.0,0.0,0.0,0.0,119.0,245.0,102.0,0.0,0.0,0.0,0.0,0.0,0.0,0.0,0.0,16.0,205.0,234.0,31.0,0.0,0.0,0.0,0.0,0.0,0.0,0.0,0.0,30.0,117.0,84.0,4.0,0.0,0.0,0.0,0.0,0.0,0.0,0.0,0.0,0.0,0.0,0.0,0.0,0.0,0.0,0.0,0.0,0.0,0.0,0.0,0.0,0.0,0.0,0.0,0.0,0.0,0.0,0.0,0.0,0.0,0.0,0.0
0.0,0.0,8.0,26.0,40.0,45.0,36.0,14.0,0.0,0.0,0.0,0.0,0.0,10.0,55.0,113.0,139.0,144.0,123.0,69.0,16.0,0.0,0.0,0.0,1.0,56.0,154.0,200.0,197.0,195.0,198.0,152.0,52.0,3.0,0.0,0.0,10.0,159.0,225.0,145.0,102.0,115.0,196.0,216.0,88.0,11.0,0.0,0.0,50.0,241.0,152.0,21.0,0.0,21.0,137.0,240.0,126.0,9.0,0.0,0.0,131.0,223.0,63.0,0.0,0.0,0.0,75.0,251.0,157.0,0.0,0.0,0.0,182.0,192.0,17.0,0.0,0.0,2.0,63.0,240.0,152.0,0.0,0.0,0.0,212.0,154.0,1.0,0.0,0.0,1.0,92.0,237.0,135.0,0.0,0.0,0.0,239.0,103.0,0.0,0.0,0.0,0.0,126.0,238.0,111.0,0.0,0.0,0.0,228.0,49.0,0.0,0.0,0.0,2.0,149.0,230.0,91.0,0.0,0.0,0.0,180.0,137.0,1.0,0.0,0.0,23.0,157.0,210.0,81.0,5.0,0.0,0.0,98.0,208.0,44.0,0.0,3.0,52.0,180.0,184.0,54.0,17.0,0.0,0.0,17.0,222.0,155.0,59.0,55.0,114.0,219.0,155.0,16.0,3.0,0.0,0.0,1.0,120.0,216.0,194.0,180.0,198.0,190.0,81.0,1.0,0.0,0.0,0.0,0.0,22.0,104.0,162.0,164.0,144.0,87.0,23.0,2.0,0.0,0.0,0.0,0.0,1.0,16.0,33.0,40.0,36.0,20.0,4.0,0.0,0.0,0.0,0.0,0.0,0.0,0.0,0.0,0.0,0.0,0.0,0.0,0.0,0.0,0.0,0.0,0.0,0.0,0.0,0.0,0.0,0.0,0.0,0.0,0.0,0.0,0.0,0.0
0.0,0.0,52.0,167.0,204.0,214.0,221.0,228.0,233.0,236.0,218.0,52.0,0.0,1.0,110.0,242.0,240.0,218.0,203.0,188.0,172.0,157.0,124.0,26.0,0.0,11.0,158.0,224.0,124.0,48.0,37.0,29.0,22.0,16.0,9.0,1.0,0.0,37.0,200.0,185.0,53.0,0.0,0.0,0.0,0.0,0.0,0.0,0.0,0.0,77.0,234.0,140.0,32.0,21.0,35.0,43.0,37.0,16.0,0.0,0.0,10.0,130.0,253.0,115.0,135.0,180.0,201.0,191.0,156.0,99.0,36.0,0.0,38.0,180.0,249.0,220.0,226.0,205.0,202.0,204.0,226.0,212.0,119.0,26.0,73.0,218.0,237.0,157.0,51.0,27.0,24.0,62.0,152.0,227.0,189.0,75.0,34.0,72.0,51.0,13.0,1.0,0.0,0.0,2.0,44.0,188.0,229.0,110.0,2.0,3.0,1.0,0.0,0.0,0.0,0.0,0.0,3.0,169.0,238.0,118.0,21.0,29.0,15.0,0.0,0.0,0.0,0.0,1.0,17.0,173.0,222.0,105.0,109.0,214.0,153.0,20.0,4.0,4.0,5.0,18.0,91.0,202.0,180.0,66.0,51.0,196.0,237.0,151.0,67.0,60.0,70.0,107.0,188.0,205.0,113.0,19.0,5.0,62.0,180.0,221.0,219.0,205.0,207.0,213.0,188.0,117.0,39.0,0.0,0.0,5.0,29.0,88.0,126.0,152.0,149.0,122.0,70.0,20.0,0.0,0.0,0.0,0.0,1.0,0.0,0.0,0.0,0.0,0.0,0.0,0.0,0.0,0.0,0.0,0.0,0.0,0.0,0.0,0.0,0.0,0.0,0.0,0.0,0.0,0.0,0.0,0.0,0.0,0.0,0.0,0.0,0.0,0.0,0.0,0.0,0.0,0.0
0.0,0.0,0.0,0.0,0.0,0.0,23.0,36.0,11.0,0.0,0.0,0.0,0.0,0.0,0.0,0.0,0.0,4.0,102.0,175.0,72.0,0.0,0.0,0.0,0.0,0.0,2.0,12.0,25.0,54.0,162.0,224.0,110.0,0.0,0.0,0.0,0.0,0.0,38.0,95.0,128.0,174.0,226.0,239.0,136.0,0.0,0.0,0.0,0.0,0.0,55.0,143.0,186.0,198.0,227.0,244.0,162.0,0.0,0.0,0.0,0.0,0.0,16.0,46.0,67.0,74.0,136.0,248.0,187.0,0.0,0.0,0.0,0.0,0.0,1.0,3.0,5.0,6.0,66.0,250.0,209.0,2.0,0.0,0.0,0.0,0.0,0.0,0.0,0.0,0.0,45.0,252.0,224.0,22.0,0.0,0.0,0.0,0.0,0.0,0.0,0.0,0.0,34.0,254.0,226.0,34.0,0.0,0.0,0.0,0.0,0.0,0.0,0.0,0.0,31.0,254.0,226.0,38.0,0.0,0.0,0.0,0.0,0.0,0.0,0.0,0.0,34.0,254.0,226.0,34.0,0.0,0.0,0.0,0.0,0.0,0.0,0.0,0.0,45.0,252.0,224.0,22.0,0.0,0.0,0.0,0.0,0.0,0.0,0.0,0.0,61.0,250.0,209.0,2.0,0.0,0.0,0.0,0.0,0.0,0.0,0.0,0.0,81.0,248.0,187.0,0.0,0.0,0.0,0.0,0.0,0.0,0.0,0.0,0.0,100.0,233.0,154.0,0.0,0.0,0.0,0.0,0.0,0.0,0.0,0.0,0.0,81.0,148.0,82.0,0.0,0.0,0.0,0.0,0.0,0.0,0.0,0.0,0.0,0.0,0.0,0.0,0.0,0.0,0.0,0.0,0.0,0.0,0.0,0.0,0.0,0.0,0.0,0.0,0.0,0.0,0.0
0.0,0.0,1.0,1.0,0.0,0.0,0.0,1.0,0.0,0.0,0.0,0.0,0.0,2.0,28.0,77.0,105.0,109.0,95.0,66.0,21.0,2.0,0.0,0.0,1.0,35.0,119.0,190.0,221.0,223.0,221.0,194.0,114.0,24.0,1.0,0.0,9.0,75.0,213.0,222.0,160.0,135.0,145.0,201.0,235.0,102.0,7.0,0.0,9.0,106.0,248.0,170.0,26.0,0.0,1.0,51.0,194.0,192.0,28.0,0.0,0.0,90.0,182.0,99.0,5.0,0.0,0.0,6.0,114.0,226.0,45.0,0.0,0.0,23.0,50.0,32.0,6.0,3.0,11.0,21.0,114.0,223.0,55.0,0.0,0.0,0.0,0.0,0.0,0.0,74.0,130.0,141.0,216.0,178.0,32.0,0.0,0.0,0.0,0.0,0.0,0.0,88.0,213.0,247.0,253.0,154.0,7.0,0.0,0.0,0.0,0.0,0.0,0.0,0.0,0.0,10.0,119.0,243.0,130.0,0.0,0.0,19.0,38.0,23.0,1.0,0.0,0.0,0.0,8.0,245.0,136.0,0.0,0.0,118.0,204.0,107.0,13.0,0.0,0.0,0.0,19.0,240.0,83.0,0.0,0.0,125.0,230.0,164.0,47.0,4.0,0.0,15.0,167.0,202.0,39.0,0.0,0.0,59.0,207.0,232.0,167.0,137.0,145.0,200.0,228.0,102.0,4.0,0.0,0.0,11.0,101.0,179.0,222.0,230.0,224.0,186.0,91.0,12.0,0.0,0.0,0.0,1.0,15.0,60.0,84.0,83.0,67.0,41.0,11.0,0.0,0.0,0.0,0.0,0.0,0.0,0.0,0.0,0.0,0.0,0.0,0.0,0.0,0.0,0.0,0.0,0.0,0.0,0.0,0.0,0.0,0.0,0.0,0.0,0.0,0.0,0.0
0.0,0.0,1.0,9.0,22.0,33.0,39.0,32.0,12.0,0.0,0.0,0.0,0.0,1.0,14.0,63.0,110.0,134.0,142.0,119.0,63.0,15.0,0.0,0.0,0.0,8.0,79.0,166.0,200.0,198.0,197.0,193.0,144.0,47.0,0.0,0.0,0.0,46.0,197.0,205.0,133.0,101.0,114.0,181.0,206.0,79.0,0.0,0.0,0.0,131.0,223.0,90.0,8.0,0.0,15.0,99.0,237.0,120.0,0.0,0.0,0.0,209.0,159.0,14.0,0.0,0.0,0.0,36.0,243.0,162.0,0.0,0.0,0.0,236.0,109.0,1.0,0.0,0.0,3.0,74.0,240.0,161.0,0.0,0.0,0.0,231.0,97.0,7.0,2.0,8.0,51.0,167.0,247.0,142.0,0.0,0.0,0.0,198.0,175.0,74.0,59.0,96.0,164.0,226.0,242.0,117.0,0.0,0.0,0.0,101.0,224.0,236.0,238.0,216.0,143.0,188.0,226.0,97.0,0.0,0.0,0.0,11.0,34.0,77.0,94.0,71.0,47.0,158.0,210.0,85.0,0.0,0.0,0.0,105.0,80.0,3.0,0.0,5.0,62.0,181.0,186.0,60.0,0.0,0.0,0.0,122.0,208.0,81.0,38.0,53.0,127.0,214.0,150.0,21.0,0.0,0.0,0.0,44.0,192.0,214.0,180.0,184.0,197.0,187.0,74.0,1.0,0.0,0.0,0.0,5.0,59.0,149.0,185.0,181.0,148.0,80.0,18.0,1.0,0.0,0.0,0.0,0.0,6.0,28.0,45.0,50.0,42.0,17.0,2.0,0.0,0.0,0.0,0.0,0.0,0.0,0.0,0.0,0.0,0.0,0.0,0.0,0.0,0.0,0.0,0.0,0.0,0.0,0.0,0.0,0.0,0.0,0.0,0.0,0.0,0.0,0.0
0.0,42.0,124.0,142.0,161.0,181.0,201.0,220.0,232.0,238.0,244.0,227.0,0.0,104.0,218.0,224.0,229.0,232.0,234.0,233.0,226.0,228.0,248.0,186.0,2.0,89.0,132.0,114.0,96.0,78.0,59.0,41.0,58.0,148.0,208.0,71.0,10.0,26.0,26.0,19.0,12.0,7.0,3.0,10.0,103.0,199.0,117.0,5.0,9.0,0.0,0.0,0.0,0.0,0.0,0.0,83.0,188.0,143.0,23.0,0.0,0.0,0.0,0.0,0.0,0.0,0.0,42.0,182.0,168.0,57.0,1.0,0.0,0.0,0.0,0.0,0.0,0.0,1.0,155.0,216.0,85.0,7.0,0.0,0.0,0.0,0.0,0.0,0.0,7.0,74.0,234.0,130.0,28.0,0.0,0.0,0.0,0.0,0.0,0.0,1.0,33.0,203.0,228.0,37.0,2.0,0.0,0.0,0.0,0.0,0.0,0.0,17.0,96.0,243.0,137.0,16.0,0.0,0.0,0.0,0.0,0.0,0.0,1.0,42.0,180.0,239.0,44.0,5.0,0.0,0.0,0.0,0.0,0.0,0.0,8.0,68.0,238.0,192.0,17.0,0.0,0.0,0.0,0.0,0.0,0.0,0.0,15.0,111.0,253.0,135.0,19.0,0.0,0.0,0.0,0.0,0.0,0.0,0.0,3.0,165.0,246.0,95.0,16.0,0.0,0.0,0.0,0.0,0.0,0.0,0.0,1.0,139.0,190.0,67.0,5.0,0.0,0.0,0.0,0.0,0.0,0.0,0.0,0.0,26.0,33.0,13.0,0.0,0.0,0.0,0.0,0.0,0.0,0.0,0.0,0.0,0.0,0.0,0.0,0.0,0.0,0.0,0.0,0.0,0.0,0.0,0.0,0.0,0.0,0.0,0.0,0.0,0.0,0.0,0.0,0.0,0.0
